username,lname,email,fname,id
Guy,Kuhn,Brycen@kristian.tv,Margarita,0
Jeanne,Hettinger,Carroll_Jenkins@angelo.net,Eldon,1
Ignatius,Bechtelar,Fleta_Mueller@crawford.info,Garfield,2
Rory,Berge,Vickie@elenora.name,Adeline,3
Conrad,Hahn,Alice@rigoberto.me,Dewayne,4
Jaeden,Sporer,Maximo@vena.org,Floyd,5
Tracy,Lindgren,Abraham@rickie.com,Damion,6
Osborne,Paucek,Lori@felipe.biz,Rahsaan,7
Porter,Daugherty,Aniya@steve.co.uk,Natalie,8
Alva,Reynolds,Jonatan@ada.me,Amira,9
Hillard_Murray,Morissette,Dayton@lue.name,Rene,10
Morgan,Ritchie,Elian@trey.co.uk,Kendra,11
Haleigh,Grady,August.Keeling@raoul.org,Caroline,12
Brisa.Ebert,Schaefer,Nikko@darby.me,Kelton,13
Samara.Mayer,Tremblay,Fritz.Kessler@shakira.biz,Yadira,14
Gregorio,Ritchie,Broderick.Hickle@matilde.us,Katelynn,15
Amani,Ruecker,Billy@benedict.info,Eusebio,16
Percival_Marvin,Bernhard,Pinkie_Powlowski@dashawn.tv,Jaiden,17
Caroline,Koch,Chasity.Ward@caesar.us,Zoe,18
Jazmyn.Mayert,Abshire,Colton@calista.me,Lemuel,19
Cayla,Kilback,Marty@evert.io,Loyce,20
Dominique,Hickle,Asia@jacklyn.com,Alyce,21
Abdiel_Price,Lowe,Dayana@magali.com,Brisa,22
Davion.Bergnaum,Mayert,Anabel@carlos.tv,Marion,23
Ephraim_Mueller,Hagenes,Norbert.Wehner@grady.ca,Cameron,24
Jovanny,Kovacek,Bernardo.Boyle@tom.ca,Kenneth,25
Urban.Halvorson,Franecki,Margie.Weissnat@kim.biz,Kimberly,26
Keegan_Ratke,Bogisich,Tevin.Jast@elta.co.uk,Matilda,27
Libbie,Botsford,Brooks_Bahringer@norval.ca,Alaina,28
Lesley,Sawayn,Janet@lauryn.biz,Meghan,29
Baby,Senger,Gisselle.Hilll@chloe.io,Charlotte,30
Santiago_Simonis,Zieme,Pattie@hanna.me,Jaden,31
Jamel.Rice,Gulgowski,Willa_Kautzer@gennaro.info,Timmy,32
Kristy_Schaden,Terry,Aniya.Hegmann@myles.org,Deangelo,33
Thomas,Okuneva,Edythe_Robel@watson.us,Christine,34
Domenico.Schuppe,Marks,Clement_Kutch@kade.biz,Holly,35
Sienna,Toy,Talia@katharina.com,Helga,36
Don.Streich,Jerde,Claud.Schaefer@lauryn.net,Gerry,37
Liliane,Bradtke,Saige@lyla.biz,Shanny,38
Reginald,Huel,Reymundo@reinhold.io,Elroy,39
Abigayle.Hegmann,Koch,Alia.Boehm@felipa.biz,Dayne,40
Eliane,Ryan,Moriah_Littel@kiera.net,Cindy,41
Iliana,Yundt,Harley@maiya.biz,Adam,42
Cameron_Jacobson,Trantow,Reba_Schaden@crystal.name,Ole,43
Juliet_Mayer,Parker,Ashlee.Grant@sincere.io,Olen,44
Abigail.Pfeffer,Homenick,Pierre@alison.us,Mylene,45
Toby,O'Hara,Dustin@eleonore.io,Wilber,46
Daphne_Schumm,Boehm,Alana@pearl.me,Brett,47
Gerda_Ritchie,Cummings,Juliana@myron.biz,Ryley,48
Horacio.Pollich,Haag,Catherine.Hoppe@lorenz.name,Gabriel,49
Edd_Bogan,Zieme,Maurice@brianne.me,Florida,50
Marjorie_Hegmann,Friesen,Maribel.Ritchie@laverne.us,Marietta,51
Marcelle.Davis,Maggio,Ada_Fisher@zita.co.uk,D'angelo,52
Itzel,Dickens,Anya@brady.biz,Dayana,53
Okey_Quigley,Towne,Milan_Carter@presley.info,Marion,54
Hilma,Hayes,Kane@brad.info,Hiram,55
Christelle.Keeling,Thiel,Santa.Paucek@ahmad.io,Noemi,56
Sylvan,Hammes,German_Grant@myrtis.name,Alexzander,57
George.Kunze,Labadie,Larue_Purdy@barton.com,Sasha,58
Marlene.Fisher,Torp,Dayne.Durgan@yvette.biz,Finn,59
Darryl,Mills,Jovanny@adonis.co.uk,Rubie,60
Winfield,Sporer,Harrison@reta.org,Ansley,61
Carmel,Dicki,Myrtice@henri.tv,Kassandra,62
Aniyah,Krajcik,Aniya_Bergnaum@esta.biz,Ernesto,63
Seth.McKenzie,Swaniawski,Audrey@lenore.co.uk,Brook,64
Jayce_Hermann,Donnelly,Armand_Haag@whitney.tv,Pink,65
Nelda_Brekke,Lang,Arvel@donny.io,Madge,66
Marcus.Hackett,Kassulke,Aliya_Hamill@darrion.tv,Magali,67
Peyton,Fadel,Lily_Pouros@teagan.co.uk,Brandy,68
Magali_Goodwin,Wilkinson,Filomena_Schowalter@enos.co.uk,Wilhelm,69
Toney,Little,Chase.Mills@deborah.me,Kendall,70
Corine.Funk,Lemke,Karine.Schuppe@hilario.com,Haven,71
Rhett.Okuneva,McDermott,Ava@geovanny.info,Jaunita,72
Omari_Williamson,Turcotte,Billy@alene.me,Dayana,73
Leopoldo_Fay,King,Darion_Bruen@melody.info,Gretchen,74
Meta.West,Lind,Caleigh.Koch@aurelio.ca,Elliot,75
Harmon,Willms,Candace@mac.name,Etha,76
Odie,Williamson,Syble.Yundt@shany.com,Bailee,77
Magnus,McGlynn,Derrick@susana.biz,Erik,78
Ruthie_Dare,O'Kon,Krystel@penelope.biz,Kelly,79
Omari,Nitzsche,Reagan@zora.ca,Jon,80
Monica,O'Reilly,Romaine_Lueilwitz@ryder.tv,Nicholas,81
Ewell_Murray,Conroy,Laurine_Wisozk@nicole.name,Jose,82
Chloe,Balistreri,Salma.Conn@jaqueline.name,Sylvia,83
Fleta,Erdman,Fermin_Schumm@vesta.info,Genoveva,84
Carol_Kihn,Mosciski,Harmon@diamond.info,Norwood,85
Zane,Spinka,Karl.Kris@willie.info,Fabian,86
Fae.Mertz,Cummerata,Karolann_Rau@vern.ca,Esteban,87
Lorenza,O'Connell,Alisha@manuela.io,Sofia,88
Loma.Larson,Murphy,Connie@hollie.biz,Araceli,89
Jasmin,Macejkovic,Maybell.Rodriguez@mossie.biz,Sunny,90
Shane_Turcotte,Bashirian,Anna_Keebler@eve.name,Emelie,91
Dell_Walter,Smith,Brook@nickolas.biz,Jeanette,92
Stephanie,Koss,Royce@daija.io,Marcelina,93
Terence_Gleichner,Fisher,Aliya@mack.name,Beaulah,94
Annabelle,Morissette,Sofia_OKeefe@maureen.org,Elsa,95
Torrey.Wintheiser,Lubowitz,Deja@morgan.name,Connor,96
Christelle,Runte,Yadira_Mohr@jazlyn.info,Graham,97
Nya_Rutherford,Cremin,Aurore.Nolan@edward.org,Nicolas,98
Malika,Thiel,Mac.Hyatt@aliza.ca,Cathy,99
Albertha,Pfeffer,Zora@jasmin.com,Winston,100
Novella,Witting,Freddy@alejandrin.biz,Shakira,101
Whitney_Grant,Balistreri,Abigale@jordan.org,Nat,102
Keyshawn,Kertzmann,Vivien_Johns@moises.biz,Tavares,103
Theodore,Beier,Fatima_Ratke@issac.biz,Louie,104
Eudora_Hirthe,Heaney,Johanna@raymond.com,Unique,105
Eleanore,Olson,Eve@genesis.io,Watson,106
Melody.Hegmann,Walsh,Jody@wilma.me,Tatum,107
Alessia,Nader,Hortense@mekhi.io,Emiliano,108
Carlo,Tillman,Kenna@frances.com,Gavin,109
Conor.Walter,Trantow,Mona@domenick.biz,Maeve,110
Erika,Beer,Eloy.Ratke@alivia.io,Edna,111
Vernice.Steuber,Reilly,Leila_Schultz@roselyn.biz,Kayli,112
Cyrus,Bartell,Wilfrid.Boehm@amiya.biz,Gardner,113
Angeline.Davis,Littel,Garnet@pansy.org,Kyle,114
Darwin,O'Conner,Talia@alexane.info,Jamison,115
Maggie_Quitzon,Grant,Forrest@ruben.ca,Clarabelle,116
Jacynthe_Brown,Runte,Destini@retta.me,Beulah,117
Shana.Doyle,Upton,Troy@timmothy.io,Cyrus,118
Lavinia_Hegmann,Sauer,Sophie@hiram.net,Edna,119
Brant,Luettgen,Shea_Erdman@abe.info,Sammie,120
Elyse.Kautzer,Klocko,Gardner_Goodwin@greg.us,Frederic,121
Mustafa_Donnelly,Langosh,Mavis@margaret.biz,Frederic,122
Perry_Bartoletti,Beatty,Veda.Ritchie@fay.biz,Bryce,123
Jarvis,Zieme,Theron_Schumm@harvey.ca,Keegan,124
Kendra,Steuber,Mylene.Guann@leilani.net,Sydnie,125
Rhea.Lesch,Carter,Brett.Torp@jonathan.ca,Nedra,126
Joey,Lehner,Alessia@marina.ca,Rico,127
Rita,Torphy,Braulio.Labadie@herminio.org,Camilla,128
Maddison_Kerluke,Mayert,Kirstin.Borer@carmela.info,Ashleigh,129
Karina_Harvey,Runte,Miller@elda.io,Clark,130
Bell_Jones,Stiedemann,Michael@callie.co.uk,Abby,131
Amparo,Bednar,Mallie@lorenz.com,Cathryn,132
Elvis,Waters,Julia@diana.name,Lucio,133
Stefan,Treutel,Xander@norval.me,Hadley,134
Meredith,Gulgowski,Jovan@johnathon.com,Gerry,135
Lillie,Wilderman,Makenzie@lonie.org,Jake,136
Jennifer,Koss,Dulce_Mohr@dixie.biz,Emma,137
Maude,Carroll,Vinnie@donny.name,Angela,138
Krystel,Jacobson,Jordan_Kirlin@justen.com,Clemmie,139
Nelson,D'Amore,Stone@pinkie.name,Pierce,140
Russel,McKenzie,Annabelle.Sporer@anika.com,Randall,141
Brad.Waelchi,Funk,Vena.Schaden@mckayla.biz,Zul,142
Jeramy,Barrows,Troy.Morar@quentin.name,Cade,143
Jaquelin_Yundt,Lesch,Rosalee_Witting@katlyn.me,Leonel,144
Aniya,Kuhn,Caterina@jaime.biz,Edwin,145
Scot.Gusikowski,Heidenreich,Penelope@linnie.name,Noel,146
Isaias,Eichmann,Alexandro.Schmitt@catharine.tv,Leonel,147
Eugene,Hoppe,Lindsay.Tromp@whitney.biz,Griffin,148
Golda,Borer,Patience_Bergstrom@maximilian.info,Kacie,149
Josue.Langosh,Flatley,Lawrence@karine.biz,Nona,150
Tianna_Hauck,Lebsack,Ramiro.Hand@heber.me,Virgie,151
Darron,Altenwerth,Nella@vicky.io,Wanda,152
Ben_Hodkiewicz,Wuckert,Marcel@maddison.biz,Gabrielle,153
Trystan_Connelly,Kunde,Leone_Jakubowski@brando.com,Jeramy,154
Camylle,Rolfson,Jaylen.Hoppe@melissa.io,Westley,155
Ronny_Kirlin,Kuphal,Ashly.Reichel@kailyn.org,Morris,156
Gregoria,Conn,Freeman@summer.net,Dante,157
Joshuah,Conn,Berry.Schuppe@charity.biz,Trever,158
Ara,Corwin,Shannon.Hudson@jayson.biz,Golda,159
Westley.Orn,Aufderhar,Stewart_Heathcote@connie.biz,Davion,160
Gideon_Shanahan,Schmitt,Florian@kaden.us,Chase,161
Tevin,Schmidt,Otha_Smitham@florence.biz,Dewitt,162
Ronaldo,Howell,Johnson@jade.info,Gaetano,163
Vivian_Monahan,Reichert,Liana_Dare@america.info,Kieran,164
Adriel,Flatley,Aidan_Christiansen@colt.org,Irma,165
Alexis,Lebsack,Yesenia@maxime.co.uk,Antonio,166
Antwon,Waelchi,Thalia@susana.biz,Thomas,167
Marie_Von,VonRueden,Wiley.Eichmann@tressa.co.uk,Maci,168
Osborne.Schneider,Graham,Agnes.Walker@tommie.net,Katheryn,169
Davin.Williamson,Carroll,Emiliano_Heller@lenore.tv,Alexie,170
Diamond.Casper,Strosin,Elta@kamren.tv,Edison,171
Lilla.Fisher,Eichmann,Kacey.Streich@hermann.io,Derek,172
Tania,Bernhard,Mae.Sauer@isabell.co.uk,Arlene,173
Scot,Barton,Bertram_Schaefer@karlie.name,Monserrat,174
Polly,Corkery,Henderson_Stark@bennett.ca,Wilford,175
Irma.Botsford,Bogan,Amy@orval.info,Eliseo,176
Kayleigh,Armstrong,Sandy_Ernser@ines.io,Nat,177
Elsie_Rice,Cassin,Joan.Collins@ashley.us,Dewayne,178
Natalie.Jewess,Lebsack,Newton_Daugherty@bianka.io,Amanda,179
Shanny,Christiansen,Cleo_Koelpin@myrl.me,Simeon,180
Gilda.Turcotte,Zboncak,Madyson@adonis.me,Denis,181
Clair,Watsica,Chyna.Batz@durward.us,Fannie,182
Jensen,Miller,Laverne@marie.com,Evert,183
Brannon,Hansen,Hobart@fermin.biz,Vince,184
Eddie.Kovacek,Gleichner,Brandy@telly.me,Stevie,185
Loy.Durgan,Wolf,Sammy@demarco.com,Dejuan,186
Eliza.Nikolaus,Ziemann,Winston@vidal.io,Cicero,187
Lera.Wehner,Ritchie,Makayla.Breitenberg@jon.com,Ruth,188
Jarred_Walker,Guªann,Hollie.Johnston@lillian.info,Jerome,189
Edwina,Mosciski,Joshuah.Waters@jovanny.co.uk,Geraldine,190
Terry.Gleason,Powlowski,Rosalee@aryanna.name,Abdullah,191
Berry,Boyle,Lucas@mckenna.me,Heaven,192
Cade.Walker,Bartell,Triston_Corkery@maurice.me,Easton,193
Ashleigh,Parker,Sincere@marta.name,Louie,194
Roxane.Zieme,Yundt,Mable@melyna.io,Darryl,195
Meggie.Pouros,Marks,Leola@ricardo.biz,Eloisa,196
Constantin_Von,Dicki,Camilla.Koepp@verlie.com,Kenyon,197
Linnea.Leffler,Brekke,Dorcas.Keeling@kathryn.org,Magdalena,198
Kale_Harªann,Bernhard,Benny_Abernathy@martina.co.uk,Noemi,199
Karine,McCullough,Ansel@mertie.biz,Hellen,200
Zachery_Mraz,Dooley,Alexander@ramiro.com,Nadia,201
Ryan.Larson,Harris,Astrid@shanon.com,Horace,202
Nikko,Fisher,Felton@sarah.org,Schuyler,203
Opal_King,Douglas,Frederik@daron.biz,Rafaela,204
Maeve.Hills,Dibbert,Karli@paula.tv,Providenci,205
Maurine.Hettinger,Kerluke,Karley@llewellyn.org,Miguel,206
Gaston,Swaniawski,Arlie@louie.com,Jimmy,207
Roy,Moore,Hilton@evie.info,Anabel,208
Rhea.West,O'Kon,Alejandra@katharina.info,Brain,209
Jarred_Bauch,Haag,Giles_Walter@garland.biz,Amber,210
Lucienne,Quitzon,Herminio@osborne.ca,Pattie,211
Hobart,Douglas,Elian_Prosacco@mariela.biz,Gisselle,212
Marc_Johnston,Bruen,Allene@amparo.biz,Rory,213
Leonora_Steuber,Toy,Karolann@marquis.us,Shanie,214
Maxwell,Keeling,Maximillian@savanna.net,Minnie,215
Adriana,Turcotte,Lula.Ortiz@major.org,Genesis,216
Ryley.McClure,Robel,Tre_Christiansen@zoila.co.uk,Wilfred,217
Brice.Rice,Marks,Skylar@ebba.name,Willy,218
Wanda.Kris,Lebsack,Stephany.Hessel@darby.io,Raphael,219
Felicita,Rempel,Jerald@leonardo.net,Randi,220
Junior_Gulgowski,Hermiston,Eliezer_Bradtke@leta.biz,Melyna,221
Ashleigh.Rau,Nolan,Sidney@rosa.biz,Reta,222
Candida,Pfeffer,Eddie@cora.info,Eleazar,223
Ike_Batz,Harris,Gina@rosalyn.us,Jace,224
Madisen,Daniel,Merritt@raphaelle.net,Mattie,225
Trever,Lockman,Monserrat@nellie.co.uk,Ivah,226
Carlos.Thiel,Zulauf,Eli.Price@eveline.info,Baron,227
Eloy_Lind,Jaskolski,Dayna@carmella.us,Levi,228
Deondre.Erdman,Legros,Joanne_Wunsch@rene.com,Everette,229
Noemy.Friesen,Brekke,Vallie.Hettinger@daryl.net,Ottis,230
Sandrine_Stokes,Veum,Gregorio_Champlin@alene.org,Erna,231
Jeremie,Ondricka,Lucas.Bins@al.us,Lurline,232
Jaleel.Schowalter,Kshlerin,Fatima@mathew.co.uk,Jacques,233
Seth.Borer,Wiegand,Foster.Stehr@arnold.net,Nayeli,234
Chelsie.Connelly,Corwin,Bulah@trey.net,Anika,235
Reta,Schneider,Ima@julia.org,Shaina,236
Mabel.Jones,Bednar,Karen@sanford.org,Heloise,237
Anne,Glover,Deonte_Schimmel@ashleigh.ca,Lyric,238
Demarco.Berge,McDermott,Hortense@betsy.com,Connie,239
Price.Swift,Hermiston,Flossie_Jenkins@lowell.co.uk,Neoma,240
Kira,Emard,Julia@ellsworth.ca,Emerald,241
Dorian.McKenzie,Klein,Claudie.Abshire@lisa.com,Christopher,242
Bernhard,Nitzsche,Mitchell@shawn.ca,Loyal,243
Maci.Bauch,O'Conner,Jamarcus.OKeefe@antonia.ca,Jakob,244
Kayleigh,Tremblay,Ericka@darrell.name,Zetta,245
Tad,Farrell,Donato_Yundt@everette.org,Chris,246
Alvera,Conn,Aglae@corrine.biz,Otto,247
Marty_Steuber,Prohaska,Baylee_Stoltenberg@odessa.us,Elliott,248
Donna,Okuneva,Caden.Jerde@jennyfer.biz,Kiel,249
Alexandre,Fahey,Eula_Morissette@kieran.us,Murray,250
Oswaldo,West,Laila@mertie.io,Junius,251
Karl_Schamberger,Kub,Jermey_Bruen@rhoda.com,Columbus,252
Leonard,Parker,Earl_Wuckert@roosevelt.org,Aaron,253
Tracy,O'Connell,Luz@monique.com,Hank,254
Calista,Braun,Maxime@greyson.ca,Jada,255
Tod_Haag,Heidenreich,Frederic.Harann@cortez.co.uk,Abdul,256
Aurelie,Jenkins,Emma_Dibbert@cydney.biz,Celestino,257
Lew,Block,Berry@elody.tv,Dedrick,258
Erwin,Beer,Beryl@audreanne.net,Nona,259
Chelsie_Koch,Gleichner,Olin@janiya.me,Erin,260
Pascale_Prosacco,Hoeger,Derrick.Reynolds@mauricio.co.uk,Rafaela,261
Kaylee,Sauer,Elmore_Reinger@alvera.us,Khalil,262
Era_Quitzon,Thompson,Delphine.Ernser@mckenzie.org,Herman,263
Garry,Heathcote,Lourdes@georgette.io,Jacques,264
Mandy.Ankunding,Runte,Gilbert_Lemke@vincent.biz,Luella,265
Ephraim,Rolfson,Jaqueline@precious.io,Bertram,266
Ora.Kertzmann,Lemke,Emmalee_Friesen@loraine.net,Rex,267
Sim,Koch,Felix.Rowe@monica.co.uk,Oral,268
Chesley,Goldner,Vivienne@jeramie.info,Brionna,269
Mortimer,Hilpert,Zakary_Lueilwitz@alexandrea.info,Charlie,270
Amani,Lesch,Albert@theo.co.uk,Ryder,271
Jan_Dickinson,Langworth,Madelynn_Balistreri@aubrey.co.uk,Abraham,272
Jairo,Kozey,Mckayla.Leffler@rory.com,Justine,273
Pedro,Auer,Syble@cordie.net,Javonte,274
Uriel,Marvin,Kiera@destin.io,Granville,275
Royce_Fahey,Klocko,Ross_Labadie@lacey.io,Reece,276
Chaz_Schneider,Lueilwitz,Jeramie_Quigley@alvera.ca,Columbus,277
Verda.Abbott,Huel,Estrella@jarrod.com,Fabian,278
Maynard,Moen,Lupe_Adams@helene.co.uk,Jeremy,279
Carlotta,Koepp,Cesar@sydnee.co.uk,Enola,280
Elnora,Roob,Cecile@fletcher.info,Demetris,281
Korey.O'Kon,Hamill,Ismael_Klocko@jamey.co.uk,Aric,282
Shanel,Gutkowski,Keon@reed.info,Kira,283
Velva.Mayer,Crooks,Constance.Beier@ewald.com,Adolfo,284
Ariane,Cruickshank,Alphonso.Adams@marlon.name,Corene,285
Kendra,Morar,Brice_Mosciski@gianni.com,Jarred,286
Hilma,Ziemann,Victor.Renner@kelton.co.uk,Kay,287
Alexane,Shields,Aurore.Mertz@kraig.co.uk,Samanta,288
Raphaelle,Kuphal,Jackie@virginia.us,Laron,289
Davon,Batz,Wilma.Jacobson@leonora.tv,April,290
Dora,Hammes,Rachelle.Johnston@andreane.us,Jazmin,291
Earl,Green,Kane@cyril.biz,Lucienne,292
Billie,Schuppe,Ceasar.Huels@melvin.tv,Brandy,293
Ayden.D'Amore,Schroeder,Weldon@prudence.biz,Hillard,294
Kaleb,Muller,Mckenzie@darby.net,Cindy,295
Felicity,Gleichner,Aniya@rusty.us,D'angelo,296
Sister,Bartell,Chesley@susie.us,Barton,297
Maudie_Shanahan,Kshlerin,Jadyn.Hickle@gerardo.ca,Alison,298
Douglas,Hackett,Coby_Veum@milo.co.uk,Louisa,299
Reba.Rogahn,Breitenberg,Connor.Bradtke@jett.org,Santina,300
Julianne.Dicki,Runolfsson,Stephania@marielle.tv,Lottie,301
Jermaine,Botsford,Darrick_Carter@rose.ca,Aleen,302
Nolan_Kub,Gottlieb,Emilie_Wiegand@barrett.info,Wyatt,303
Zoila.Huels,Stark,Reyna_Windler@andrew.org,Alexandro,304
Wilfrid,Ernser,Margarett@haylie.net,Toni,305
Joany,Leuschke,Alexandre_Runolfsdottir@adah.biz,Aurelia,306
Lyda,Schinner,Brayan@sylvia.org,Verda,307
Ona,Murazik,Kaylah.Johns@ismael.biz,Alexandra,308
Brenna_Bernhard,Crona,Eva@monserrate.me,Kamryn,309
Terrill_Lubowitz,Cassin,Maribel_Wilderman@nadia.co.uk,Katelyn,310
Travis.Oberbrunner,Boehm,Maudie_Moore@hyman.me,Avery,311
Kimberly.Ferry,Cremin,Christ@tristian.org,Fae,312
Joan.Gleichner,Kessler,Kylee@weston.info,Randall,313
Elwin_Williamson,Pollich,Corine.Hilpert@agnes.us,Napoleon,314
Marcelina,Feeney,Oswaldo_Schuster@luciano.me,Madelynn,315
Vida_Haag,Mohr,Mya@ozella.io,Solon,316
Rubye,Abshire,Kendrick_Cummings@mckenna.co.uk,Laverne,317
Edd_Sporer,Stehr,Stefan_Osinski@dawson.net,Alycia,318
Bethany_Corkery,Bins,Amalia@tatyana.io,Jerad,319
Stanley_Reilly,Glover,Constantin@alvina.info,Laura,320
Amira,Lakin,Else_Jerde@vergie.io,Garth,321
Deondre,Koepp,Graham_Cormier@ebony.tv,Janet,322
Antoinette.Schuster,Johnston,Boyd@jazmyn.biz,Jackie,323
Micheal_Turner,Dietrich,Deondre@ken.name,Dangelo,324
Kyler,Abshire,Jamaal@garrett.me,Tara,325
Rickie_Ward,Hammes,Eriberto@anne.net,Duncan,326
Rodrick,Abbott,Broderick@marcellus.co.uk,Amira,327
Moriah,Lakin,Nella_Dooley@crystal.us,Quincy,328
Percy.Rau,Jacobs,Maxime@deshawn.biz,Betsy,329
Federico.Rippin,Kiehn,Aliza.Schmitt@jazlyn.biz,Emma,330
Russ,Mraz,Danyka@desmond.net,Polly,331
Heloise_Price,Rippin,Holden@alison.me,Tate,332
Orin,Gerlach,Stewart_Stokes@vivianne.us,Ivory,333
Amber,Bauch,Ardith.Emmerich@gerry.me,Justice,334
Arvel,Bartell,Micaela_Jewess@jocelyn.org,Jarrod,335
Freeda.Bode,Hilll,Porter@aida.tv,Leonard,336
Melvina.Labadie,Carroll,Donna@isadore.tv,Kory,337
Kristy,West,Juana@darrion.me,Maia,338
Imani.Kulas,Kshlerin,Myrna@eulalia.biz,Alford,339
Alan.Mertz,Mueller,Moises@easter.me,Florian,340
Simone,Raynor,Juanita_Beier@monserrat.tv,Kay,341
Lilian,Beahan,Althea@frederique.biz,Christian,342
Candelario,Greenholt,Annamae@nella.ca,Raphael,343
Summer_Reynolds,Balistreri,Raheem@minnie.co.uk,Jan,344
Bella,Nikolaus,Neha@caleigh.tv,Maeve,345
Lafayette,Koch,Felicia@etha.ca,Amara,346
Randall_Pouros,Marquardt,Sterling_Mayer@rogers.name,Nathen,347
Ralph,Hettinger,Aaron@vena.org,Bill,348
Brendan,Bergnaum,Travon@benton.biz,Mathilde,349
Cali.Roberts,Lehner,Marie_Goldner@favian.ca,Ed,350
Kylie.Borer,Wilkinson,Hayley.Wehner@rosanna.me,Julio,351
Zul,Ernser,Quentin@jalyn.tv,Lorenza,352
Maureen,Douglas,Demarcus.Gibson@marjory.ca,Gussie,353
Tom.Kshlerin,Jacobson,Blanche.Keebler@jonas.me,Frederick,354
Armani_Botsford,Lebsack,Monty.Schuppe@velma.net,Valentin,355
Janick,Jast,Timothy.Howe@ryann.co.uk,Joey,356
Dawn,Feest,Adele.Keeling@elza.name,Yolanda,357
Austin,Mayert,Ashleigh@christa.biz,Josianne,358
Leland.Nienow,Keebler,Earl@ned.name,Alena,359
Buster.Zulauf,Prohaska,Odell_Monahan@camylle.io,Melyssa,360
Caesar_Runolfsson,Smitham,Citlalli@vivienne.tv,Palma,361
Marcelle,Kulas,Felix@taurean.me,Tatum,362
Dayne,Hamill,Lela_Torp@sebastian.co.uk,Chance,363
Clare,Bailey,Adrianna.Zulauf@dariana.biz,Diamond,364
Howell,Klein,Eliane@jazmyn.info,Amparo,365
Eric,Ziemann,Sydnie.Willms@caesar.us,Madisyn,366
Freida_Homenick,Stehr,Enrique.Mayer@mariah.io,Elenor,367
Damien,Koelpin,Gilberto_Block@aurore.io,Lloyd,368
Lewis,Walter,Leonardo.Wehner@darron.tv,Gwendolyn,369
Dewitt,Becker,Shemar@justyn.biz,Susana,370
Chanel,Zemlak,Woodrow@marie.biz,Lew,371
Xavier.DuBuque,Bechtelar,Yoshiko_Rolfson@gene.co.uk,Rachelle,372
Tina,Larson,Cletus.Davis@uriah.ca,Soledad,373
David,Grimes,Marcel.Heaney@ashly.io,Charlene,374
Bryon,Marks,Libby@isom.biz,Jazmyn,375
Jazmyne_Nolan,Schultz,Walker_Mosciski@alexys.net,Garrett,376
Sim.Durgan,Bruen,Elliott@nelson.info,Stan,377
Jerad,Metz,Troy_Schamberger@isaiah.us,Stevie,378
Cesar_Mante,Roberts,Rex.Crooks@briana.tv,Kameron,379
Lenny,Nicolas,Stephon@shaylee.io,Danny,380
Allison.Hegmann,Rempel,Samantha_Ritchie@ellsworth.com,Nikolas,381
Jennifer_Haley,Kshlerin,Nicklaus@brook.name,Ruthie,382
Trycia,Gutkowski,Bennie_Lang@nola.ca,Benny,383
Lindsay_Boyle,McCullough,Isaiah@green.com,Halie,384
Kevin,Hoppe,Lola.Champlin@marcellus.biz,Jacinthe,385
Myrtis,Wiegand,Paul.Hoppe@jamison.io,Mohammad,386
Jarrod,Parker,Tomasa@michel.org,Khalid,387
Jonathon.Wuckert,Bechtelar,Lew_Pfeffer@ludie.info,Hallie,388
Nelson,Kessler,Asia@raina.us,Elenora,389
Keyshawn,Jast,Arlene_Crona@clair.biz,Estrella,390
Elva.Monahan,Bruen,Mallory@shanel.io,Felicia,391
Paula,Schneider,Joana@chauncey.org,Howell,392
Salvador,Stokes,Omari_Larson@davion.com,Raina,393
Kurt,Yundt,Kenna.Ledner@brady.us,Hillard,394
Beryl_Hickle,O'Conner,Bobby@reta.biz,Santa,395
Penelope,Kassulke,Edd@darrell.tv,Wilhelmine,396
Crystel.Mayer,Toy,Kelsi@noel.us,Jevon,397
Winona,Toy,Raymond@jerad.info,Jay,398
Dillan_Schroeder,Zboncak,Roma@dasia.info,Jarrell,399
Conor.Wilderman,Schowalter,Beth_Lemke@hanna.tv,Gianni,400
Filomena,Leannon,Cary.Olson@kellie.tv,Bernardo,401
Clare,Sanford,Kale@yesenia.biz,Nola,402
Reanna,Olson,Rosalee@leopoldo.us,Oleta,403
Janiya,Grant,Myra.Bruen@triston.tv,Saul,404
Jayson,Kovacek,Manuel@douglas.com,Rasheed,405
Melany.Hirthe,Doyle,Hilbert@emmie.biz,Kiley,406
Mariano_Will,Rice,Joaquin@josue.us,Dianna,407
Randi.Graham,Muller,Gwen.Stark@emie.net,Sigmund,408
Zechariah,Osinski,Junior_Douglas@felton.com,Joseph,409
Bernice.Jacobs,Hyatt,Katrine_Nicolas@lavon.info,Camila,410
Norris_Ullrich,Spinka,Hubert@jaydon.info,Nola,411
Linnie.Feil,Beatty,Terrell@abigail.me,Ressie,412
Hulda,Legros,Royal_Kirlin@caleb.tv,Cody,413
Jorge_Bayer,Labadie,Ruthe@pascale.biz,Clay,414
Cleo,Marvin,Hildegard@david.io,Adalberto,415
Celia,Powlowski,Peter_Turner@dan.org,Kariane,416
Larry,Greenfelder,Aron_Zboncak@trace.biz,Angel,417
Pascale.Cremin,Mueller,Cicero_Homenick@gunnar.biz,Cecil,418
Summer.Macejkovic,Olson,Narciso@gregorio.biz,Nash,419
Wilbert_Kuhic,Schaden,Erwin@josianne.tv,Georgianna,420
Isabell,Casper,Marjolaine@dawson.name,Rogers,421
Rebeka,Metz,Jalyn_Hahn@jazmyne.us,Cornelius,422
Tyson,Corwin,Charles@david.net,Michael,423
Jessika,Christiansen,Ricky_Waters@myles.us,Jaron,424
Jamaal.Crona,Beahan,Sonia.Kshlerin@amely.us,Germaine,425
Domenico_Weimann,Jacobson,Camren_Mante@amanda.me,Hannah,426
Cristina.Greenfelder,Dare,Lauriane_Corwin@kennedy.com,Ivory,427
Valentina,Toy,Lisette.Nolan@cayla.me,Serenity,428
Pat,Welch,Verla@anna.com,Kasey,429
Albertha_Brekke,Powlowski,Destini.Wiza@alicia.ca,Alexys,430
Emilie.Hoppe,Mosciski,Peggie.Russel@forrest.biz,Shayne,431
Cleve_Dicki,Aufderhar,Leilani_Christiansen@zoila.io,Toney,432
Gage,Zemlak,Trenton.Langosh@carson.info,Maximo,433
Tiana,Lubowitz,Clemens.Bechtelar@carley.tv,Nona,434
Alexanne_Goodwin,Lindgren,Barry@brendon.com,Flossie,435
Mylene.Mitchell,Friesen,Laney.Blanda@trycia.me,Fanny,436
Concepcion.Hessel,Williamson,Devante_Rowe@vivianne.ca,Abigail,437
Tyson_Beier,Hammes,Emiliano@pascale.org,Jewell,438
Heather.Rowe,Kohler,Myrl@rey.ca,Laurianne,439
Leora,Graham,Amanda@toy.co.uk,Jasper,440
Lucious.Stehr,Beatty,Marjorie@nathen.biz,Alva,441
Toney.Frami,Macejkovic,Virgil@pete.com,Milton,442
Bonnie,Fritsch,Kiera@leonora.name,Augusta,443
Lorena_Carroll,Raynor,Augusta@camille.us,Katherine,444
Wallace.Haag,Armstrong,Eusebio@hilario.org,Aletha,445
Marcelo,Doyle,Pascale.Koepp@dock.io,Manuel,446
Astrid,Walsh,Luis@krystal.net,Tressa,447
Meda,Hirthe,Jerrell@assunta.biz,Felipa,448
Veda,Kuhic,Tatyana.Gutkowski@eleonore.info,Harold,449
Shayne,Turcotte,Daniella_Walsh@dale.me,Travis,450
Janiya,Williamson,Alan.Willms@cary.com,Scot,451
Bridgette,Spencer,Creola_Turner@sarah.me,Amaya,452
Michale,Purdy,Calista@name.org,Rigoberto,453
Jessie.Bins,Quitzon,Reuben_Wiza@georgiana.io,Waylon,454
Santa,Nicolas,Lauren@rusty.name,Jalon,455
Wilma,Kerluke,Neal@trever.tv,Oleta,456
Lexus_Koelpin,Swaniawski,Christopher.Cole@rachel.me,Caterina,457
Celestine,Conroy,Olen@dayana.com,Ansel,458
Foster,Gleason,Ephraim.Monahan@juana.ca,Marjolaine,459
Jordon,Crooks,Mathew.Koepp@reggie.net,Jadon,460
Tyrese_Kirlin,Mills,Bettie_Beer@gustave.name,Kirk,461
Aric,Will,Jarrett@stephania.me,Ulices,462
Zena,Berge,Kiley.Romaguera@larue.co.uk,Noe,463
Isadore.Adams,Reilly,Faye@gardner.io,Nova,464
Libbie,Osinski,Lilly@isobel.name,Torey,465
Joelle.Gleason,Shanahan,David@gabriella.me,Scarlett,466
Amalia,Smitham,Meredith@evan.tv,Lisette,467
Garett_Hane,Langworth,Ambrose.Christiansen@dolly.info,Cloyd,468
Michele,Lockman,Loyce@sydnee.biz,Lorine,469
Dave,Reilly,Deontae.Dare@dillan.info,Lisandro,470
Ferne,Shanahan,Micaela@mariana.us,Kody,471
Kyler,Dicki,Maximillian_Weimann@serenity.org,Reece,472
Zechariah.Romaguera,Douglas,Cesar.Emard@lempi.org,America,473
Eugenia.Kutch,Cartwright,Doyle@cortney.com,Milan,474
Scotty,Hickle,Jasper@owen.name,Connie,475
Akeem,Ernser,Dennis@grayce.biz,Frederique,476
Madelynn_Wilkinson,Pouros,Ethan.Wolff@carole.us,Glenna,477
Lola.Steuber,O'Keefe,Daisy@marlon.ca,Ena,478
Garland,Olson,Joannie@maymie.us,Claud,479
Conrad_Kuhic,Terry,Chanel@haley.biz,Ben,480
Emerald_Runolfsdottir,Jacobs,Corene_Durgan@general.biz,Ken,481
Delilah,Medhurst,Kurtis@jeremy.info,Ryan,482
Catharine,Abernathy,Terrill@walker.co.uk,Thomas,483
Cyril,Thompson,Dejah@royce.com,Javonte,484
Vicky.Baumbach,VonRueden,Dorothy.Veum@quinten.co.uk,Jess,485
Braxton,Block,Roel.Rice@cathrine.name,Brigitte,486
Anabel,Oberbrunner,Yazmin.Weimann@carolyne.biz,Daren,487
Stephania,Yost,Gretchen.Torphy@domenic.co.uk,Ayla,488
Fae,Considine,Edmond_Fritsch@cathrine.biz,Shanon,489
Rick_Kunze,Cremin,Katelynn@cloyd.org,Watson,490
Taya.Lubowitz,Rippin,Bryon.Dare@jacey.org,Jazlyn,491
Nicole.Dickinson,Hodkiewicz,Evert@germaine.io,Ashton,492
Pearline_Pfannerstill,Beahan,Floy_VonRueden@diego.ca,Emmanuel,493
Jayce,Runolfsson,Maggie_Reynolds@rosendo.io,Madeline,494
Desiree,D'Amore,Justice_Hoppe@edison.net,Gunnar,495
Pearlie.Reichel,Upton,Mason@eliza.name,Walton,496
Ian,O'Connell,Abraham.Strosin@sylvan.biz,Sincere,497
Kamren_Weber,Pfannerstill,Reginald_Huel@jerod.biz,Cody,498
Rodger,Barrows,Katrina_Jerde@haley.tv,Krystina,499